Feature_1,Feature_2,Feature_3,Feature_4,Price
3.745401188473625,9.50714306409916,7.319939418114051,5.986584841970366,-359.7362741690779
1.5601864044243652,1.5599452033620265,0.5808361216819946,8.661761457749352,54.128211399800534
6.011150117432088,7.080725777960454,0.20584494295802447,9.699098521619943,163.75669796838548
8.324426408004218,2.1233911067827616,1.8182496720710062,1.8340450985343382,36.423818232077714
3.0424224295953772,5.247564316322379,4.319450186421157,2.9122914019804194,-44.41904883668968
6.118528947223795,1.3949386065204183,2.9214464853521815,3.663618432936917,-0.3087748123411913
4.56069984217036,7.851759613930136,1.9967378215835974,5.142344384136116,144.98088966321168
5.924145688620425,0.46450412719997725,6.075448519014383,1.7052412368729153,-318.4059738627383
0.6505159298527952,9.488855372533333,9.656320330745594,8.08397348116461,-1130.0999158340428
3.0461376917337066,0.9767211400638387,6.842330265121569,4.4015249373960135,-446.66675240929766
1.2203823484477883,4.951769101112702,0.34388521115218396,9.093204020787821,97.62308299072103
2.587799816000169,6.62522284353982,3.1171107608941098,5.200680211778108,74.04357469589678
5.4671027934327965,1.8485445552552704,9.695846277645586,7.7513282336111455,-1309.9880929999526
9.394989415641891,8.948273504276488,5.978999788110851,9.218742350231167,-83.14675065114133
0.884925020519195,1.959828624191452,0.45227288910538066,3.2533033076326436,19.87871932337782
3.8867728968948203,2.713490317738959,8.287375091519294,3.567533266935893,-805.6684813780703
2.8093450968738076,5.426960831582485,1.4092422497476265,8.021969807540398,98.23255100094202
0.7455064367977082,9.868869366005173,7.722447692966574,1.987156815341724,-487.60684145967326
0.05522117123602399,8.154614284548341,7.068573438476172,7.2900716804098735,-367.4914856114402
7.712703466859457,0.7404465173409036,3.5846572854427263,1.1586905952512971,-41.57194619905939
8.631034258755935,6.232981268275579,3.308980248526492,0.6355835028602363,57.30091782272585
3.109823217156622,3.2518332202674705,7.29606178338064,6.3755747135521315,-517.6472831143761
8.872127425763265,4.722149251619493,1.195942459383017,7.13244787222995,109.20232336748802
7.607850486168974,5.612771975694963,7.70967179954561,4.937955963643907,-574.2527646156095
5.227328293819941,4.275410183585496,0.2541912674409519,1.0789142699330445,52.09183539731521
0.3142918568673425,6.364104112637804,3.143559810763267,5.085706911647028,59.12426879768296
9.07566473926093,2.4929222914887497,4.103829230356297,7.555511385430487,-30.138554144817647
2.2879816549162246,0.7697990982879299,2.8975145291376805,1.6122128725400442,-13.726452798318935
9.29697652342573,8.08120379564417,6.334037565104235,8.714605901877178,-185.09095810408624
8.036720768991145,1.8657005888603584,8.925589984899778,5.393422419156507,-1004.093733715105
8.074401551640625,8.960912999234932,3.1800347497186388,1.1005192452767676,146.54876446053828
2.279351625419417,4.271077886262563,8.18014765922493,8.607305832563434,-725.5527121829343
0.06952130531190703,5.107473025775658,4.17411003148779,2.2210781047073027,-47.651413864300146
1.198653673336828,3.3761517140362796,9.429097039125192,3.2320293202075523,-1211.3668952117162
5.187906217433661,7.030189588951778,3.63629602379294,9.717820827209607,102.28601555024571
9.624472949421111,2.5178229582536416,4.972485058923855,3.0087830981676964,-130.91358114970018
2.848404943774676,0.36886947354532795,6.095643339798968,5.026790232288615,-313.46642579086694
0.5147875124998935,2.7864646423661146,9.082658859666537,2.395618906669724,-1104.2555399160124
1.448948720912231,4.89452760277563,9.856504541106007,2.4205527151150044,-1368.42323324794
6.721355474058786,7.616196153287175,2.3763754399239967,7.282163486118596,143.04236118408377
3.677831327192532,6.3230583059357945,6.335297107608947,5.357746840747585,-265.48736113017844
0.902897700544083,8.35302495589238,3.2078006497173583,1.8651851039985423,104.25490549140117
0.40775141554763916,5.908929431882418,6.775643618422825,0.16587828927856152,-393.7886379484778
5.12093058299281,2.2649577519793795,6.451727904094499,1.7436642900499144,-366.3593524950634
6.90937738102466,3.867353463005374,9.367299887367345,1.3752094414599325,-1174.2904857993597
3.410663510502585,1.1347352124058907,9.246936182785628,8.77339353380981,-1122.9318775462402
2.579416277151556,6.59984046034179,8.172222002012159,5.5520081159946235,-700.8228781798604
5.296505783560065,2.418522909004517,0.9310276780589921,8.972157579533267,67.85329598292431
9.004180571633304,6.33101457273268,3.390297910487007,3.492095746126609,62.32047812857019
7.259556788702394,8.971102599525771,8.870864242651173,7.798755458576238,-821.2173955902465
6.420316461542877,0.8413996499504883,1.6162871409461377,8.985541885270793,63.773014199460306
6.0642905965958995,0.09197051616629648,1.014715428660321,6.635017691080558,52.07380533741325
0.05061583846218687,1.6080805141749865,5.487337893665861,6.918951976926932,-202.0069142566891
6.519612595026006,2.242693094605598,7.121792213475358,2.3724908749680007,-506.23471080645265
3.2539969815926773,7.464914051180242,6.496328990472147,8.49223410494178,-239.2307778111458
6.576128923003433,5.683086033354716,0.9367476782809248,3.6771580305943354,109.09231494555468
2.6520236768172545,2.4398964337908358,9.730105547524456,3.930977246667604,-1338.6006857285363
8.920465551771134,6.311386259972629,7.948113035416484,5.026370931051921,-612.6838270161767
5.769038846263591,4.925176938188639,1.952429877980445,7.224521152615053,82.49739942700069
2.807723624408558,0.2431596643145384,6.454722959071678,1.7711067940704894,-388.61430876415966
9.404585843529143,9.539285770025874,9.148643902204485,3.7015870025544437,-923.5393554331662
0.15456616528867428,9.283185625877254,4.281841483173143,9.666548190436696,107.00291486052147
9.636199770892528,8.530094554673601,2.944488920695857,3.8509772860192526,150.1446635853457
8.511366715168569,3.1692200515627764,1.6949274668609249,5.568012624583502,69.94582213578616
9.36154774160781,6.96029796674973,5.700611700893649,0.9717649377076854,-141.19129912193836
6.150072266991698,9.900538501042632,1.4008401523652403,5.183296523637368,239.76062454919318
8.773730719279554,7.407686177542044,6.97015740995268,7.024840839871093,-335.3359418190337
3.5949115121975517,2.9359184426449336,8.093611554785136,8.101133946791808,-731.6865589375401
8.670723185801037,9.132405525564714,5.113423988609378,5.015162946871996,13.103540782866702
7.9829517896677515,6.4996393077776515,7.019668772577034,7.95792669436101,-364.3719562465003
8.900053418175663,3.379951568515358,3.75582952639944,0.93981939840869,-21.32688850701355
5.78280140996174,0.35942273796742086,4.655980181324601,5.426446347075766,-106.85565749314749
2.865412521282844,5.9083326056901075,0.3050024993904943,0.37348188749214417,78.14832764761684
8.226005606596583,3.601906414112629,1.2706051265188478,5.222432600548044,63.53163145745412
7.699935530986108,2.1582102749684315,6.228904758190002,0.85347464993768,-331.18663039754733
0.516817211686077,5.31354631568148,5.406351216101065,6.374299014982066,-137.58379612970953
7.260913337226615,9.758520794625346,5.163003483011953,3.2295647294124596,15.543525578050549
7.9518619476870365,2.708322512620742,4.389714207056361,0.7845638134226596,-83.48616919663866
0.2535074341545751,9.626484146779251,8.359801205122059,6.95974206093698,-650.4182173319429
4.089529444142698,1.7329432007084578,1.5643704267108605,2.502428981645953,18.76968454577688
5.4922666470612045,7.145959227000623,6.601973767177313,2.7993389694594284,-298.10449984731304
9.54865280663194,7.378969166957685,5.543540525114007,6.117207462343522,-82.71655293171182
4.196000624277899,2.4773098950115746,3.559726786512616,7.578461104643691,-4.844510865317455
0.14393488629755868,1.1607264050691624,0.4600264202175275,0.40728802318970136,19.35880246924851
8.554605840110073,7.036578593800237,4.741738290873252,0.9783416065100148,-38.681043095946066
4.916158751168323,4.734717707805657,1.7320186991001518,4.33851649237973,78.77600973227233
3.9850473439737346,6.158500980522165,6.350936508676438,0.4530400977204452,-295.03116574514246
3.746126146264712,6.258599157142363,5.031362585800877,8.564898411883222,-54.78787034878511
6.58693631618945,1.629344270814297,0.7056874740042984,6.424192782063156,58.87069107272374
0.26511310541621813,5.8577558127346325,9.402302414249576,5.75474177875879,-1152.26183666149
3.881699262065219,6.432882184423532,4.582528904915167,5.45616789315935,-21.51184716577574
9.41464808776525,3.8610263780077423,9.611905638239142,9.053506419560637,-1238.0106136848042
1.9579113478929644,0.6936130087516545,1.0077800137742665,0.18221825651549728,9.22797769381354
0.944429607559284,6.830067734163569,0.7118864846022899,3.189756302937613,113.03135589733334
8.448753109694545,0.23271935735825866,8.144684825889358,2.8185477477339993,-767.6867706877807
1.1816482762165625,6.967371653641506,6.28942846779884,8.77472013527053,-223.3878653879294
7.350710438038858,8.034809303848485,2.820345725713065,1.7743954377972282,128.22750321449868
7.506147516408584,8.06834739267264,9.905051420006734,4.126176769114265,-1283.591307714135
3.720180857927832,7.764129607419968,3.4080354025301784,9.307573256035647,114.48149398870947
8.584127518430119,4.289940273750183,7.508710677914974,7.545428740846823,-538.2943546046105
1.031238688359326,9.025529066795666,5.052523724478571,8.264574661077416,19.799404302836418
3.2004960103061175,8.955232284962005,3.892016787341631,0.1083765148029836,89.28421145123193
9.053819764192637,0.9128667678613356,3.1931363759041487,9.50061967050805,26.30425484420258
9.506071469375561,5.734378881232861,6.318372121697992,4.4844552197831975,-261.4247246605079
2.9321077169806453,3.2866454536991596,6.725184560770384,7.5237452943768,-392.75499973669133
7.915790437258485,7.896181427945539,0.9120610304869037,4.944203047025814,177.89347882418343
0.5755876001664428,5.495288823237355,4.41530501373377,8.877041827582998,-19.278561635885467
3.5091501255207866,1.1706701642760586,1.4299168205283586,7.615106317174723,56.66446128894223
6.182180633162611,1.0112267612279024,0.8410680611499743,7.009691314591199,50.35609059014863
0.7276300636419353,8.218600592903563,7.062422271564962,0.8134878064189976,-388.93613559671167
0.8483771408519192,9.866395785011754,3.742707957561203,3.706421470668909,138.28499029444862
8.127995672575025,9.472485773838587,9.860010638228708,7.533781852589416,-1193.1412206641
3.762595855309158,0.8350071669866876,7.771469159274368,5.58404249735805,-664.5212274982074
4.242220092469763,9.06354385094736,1.1119748230615134,4.926251042908591,195.22634901636823
0.11353644767419069,4.6866064199412625,0.5630327568183735,1.1881791626807192,54.34937522566298
1.1752624677710488,6.492103021160636,7.460448792654233,5.833687650971596,-502.25909714775037
9.621725484745419,3.748705795237041,2.8571208628186073,8.685991281894603,60.83473784740213
2.235958385194526,9.632225394406113,0.12154474689816341,9.69878826707639,247.53586920007757
0.43159911950576113,8.911431136980712,5.277011090862999,9.929647961193004,-4.800932672810359
0.7379656473539886,5.538542844013207,9.69302535619099,5.230978441701488,-1275.6673385052645
6.293986381352625,6.957486889846171,4.545410647677732,6.275580800840634,6.603656301310978
5.843143119231002,9.01158010490989,0.4544638034145787,2.809631895922303,196.62423404380206
9.504114840765588,8.902637838909163,4.55656752785713,6.201325978015367,71.81709487681303
2.7738118298113266,1.881211597237613,4.636984049399821,3.533522280260528,-116.3368925035472
5.836561118508721,0.7773463696498484,9.743948076661665,9.86210744479603,-1330.4349321795883
6.981617140197452,5.360963663441204,3.0952761628632777,8.137950197069486,79.0142146408317
6.847311725538793,1.626169393448913,9.109271844938425,8.22537242923169,-1074.6649432028403
9.49799913291924,7.2571950838836,6.134151959357899,4.182430362906189,-183.96514173939522
9.327284833540133,8.660638895004084,0.45218670106189407,0.26366974497252005,177.52424506507452
3.7646336687804958,8.105533307818328,9.872761293149445,1.5041689110352818,-1294.3122769079812
5.941307153521351,3.8089085663102153,9.699143978146033,8.421189231357086,-1282.84032103159
8.383287047111379,4.686931597949703,4.148195023376652,2.7340707193070624,-25.755559412712138
0.5637549665092711,8.647223762550531,8.129010091300776,9.997176732861305,-597.4385339267205
9.966368370739055,5.5543170560262745,7.689874151805105,9.44765729882428,-555.7022000351994
8.496473906774115,2.4734810174319763,4.505441353100935,1.2915941515149498,-86.61550701600837
9.540510272587223,6.0617463445088005,2.2864280550346274,6.7170068440585675,119.45689738758375
6.181282404578958,3.5816271803284048,1.1355759219962902,6.715731955927996,69.54696188794011
5.2030770090379335,7.723183917356393,5.201635011119934,8.5218150031854,-38.97412699352616
5.519068387744856,5.609379715353863,8.76653602658345,4.034828662123971,-902.5471687062055
1.3401522845064073,0.28782676313338973,7.55137255673619,6.203095513534647,-615.4313642412543
7.0407976809922355,2.129641615089107,1.3637147558676976,0.14544665667881929,21.34943340550322
3.5058755880659698,5.899176868546331,3.922440450997323,4.374749220237291,17.15522968993537
9.041586944937483,3.4825546702330037,5.139894891598108,7.8365301274114305,-111.42607019120494
3.9654278232127016,6.220867002278735,8.623637087467452,9.495206236576422,-829.8914781211643
1.4707348092903794,9.265876251614944,4.921162930795382,2.5824438829895833,11.35053553962874
4.591357562382613,9.800325752854771,4.926180939928696,3.287516102875082,37.858298946981236
6.334008543167258,2.401456187781931,0.7586332810866392,1.2887972191064923,41.829184352160084
1.2804583895777244,1.5190269351229435,1.3882717264941014,6.4087474480321465,41.79343210460144
1.8188008439914483,3.456672833238632,8.967884099060118,4.739616402628723,-1026.1237876873506
6.675577385210271,1.7231987120162984,1.9228901880867078,0.40868616266478863,19.152446917495695
1.6893506307216455,2.7859033903195862,1.7701048427674682,0.8870253375705561,25.512306938611957
1.206358711006008,4.607787680327258,2.063337184057925,3.6426986104807546,51.11786060824672
5.034172708548569,6.903948286293653,0.39312139841098936,7.994103989090426,144.40153923767758
6.279003894909078,0.8175903194887191,8.735786241067773,9.208724005318132,-931.5287698923097
0.6107795985486375,2.7687764814720373,8.062012797930613,7.482596903836583,-720.9906796820798
1.8452101935637732,2.093493233367103,3.70472102791382,4.845229851910213,-42.81729996878518
6.1825477153029595,3.689136395697724,4.625347161331479,7.474709381337565,-67.09754952500867
0.366832028905979,2.5243694434402073,7.133495858845524,8.952068376871994,-483.8128211597159
5.116774421156661,5.321134852653157,1.0717201133977605,4.474123668234546,92.23392873541485
5.326172664550231,2.4247050363472966,2.6924323094938094,3.7728416310462265,12.412660180962384
0.20071197777726368,3.220791655831783,2.1144800699654462,3.2749735217791462,29.15244765693214
1.1976213181925122,8.90527280739895,5.935924535540487,6.791023191444896,-105.97428203760445
7.891712386073383,4.984421989290572,0.8692028808742369,5.371065418185478,100.2150047196852
5.868411180208791,7.4543947418433,4.316595462296794,1.2758030279556376,9.953247698656053
2.8377590579872445,3.630822963986351,6.459172413316012,5.707783046689119,-348.5506690113466
3.5609672589784624,9.865152487929796,6.057748193568871,2.372267917359945,-114.96894879501319
1.0178247262040374,1.5285913918433203,2.459577283845081,1.6068137325955567,-1.0387816424931797
1.8656702405130576,2.850951686938471,1.7337359529475482,8.967654246264251,61.249971490614406
0.8023374566164221,5.245113895702547,4.103968269896615,9.823786169086064,2.854393163194059
1.1203890216805235,3.9785559904574166,9.69470433275369,8.655071258939802,-1291.420531272202
8.1707207094928,2.579028270449398,1.7088758739006582,6.68643219924431,58.30074413600683
9.293759891275858,5.567628930139298,5.7161268946989985,2.7997909366028417,-172.1030351030899
7.694929331919369,1.8704374855752337,3.2367923640424365,4.254364386164168,5.055581001851513
5.07610378684455,2.4240973241508024,1.1483682473920354,6.1062004244163255,47.51154491825625
2.8863055324025577,5.812382214226123,1.5436271527420231,4.811401018548175,102.71549364556083
5.325894325515859,0.5182353682242691,3.366042781939206,1.3441467693897424,-31.1012203786998
0.6337497047276774,9.899602323899453,3.2235384497472297,8.09874445854635,195.1525472044033
2.5464065476376385,6.8150272222392925,7.6022785988968655,5.956387406078443,-535.4567209992565
4.715761885501584,4.118409141472686,3.4886826654299528,9.29529144247826,24.026562754972716
8.306194077877292,9.650269106665126,1.2429722348554473,7.308674752036443,244.091946285566
9.383404568210379,1.8123306616566015,0.664962673667775,7.4112064929005905,73.84820799616985
5.744731131799119,8.41828776758272,1.397723766262895,7.952673118598902,203.6185447361321
2.0162732004774453,1.636559428657045,1.6426579793099294,8.14574720231382,49.015965487155746
6.651972206962001,5.230654247691193,3.5883048412350247,8.772005408131083,48.01787327070865
3.924451074226354,8.16599439471577,4.391349085702184,3.769444294249076,31.83184439070916
4.626797856696064,3.0137787416414206,7.476093801762511,5.027203900924792,-563.4483708699767
2.322126951468173,8.995745732745684,3.8389122137321143,5.435528611139886,106.30488318800779
9.06472110964547,6.242379959139921,1.1689804070836407,9.398321236134752,157.866583163615
6.277080530714178,3.3490561465708613,1.3927207266338726,7.9402518927029595,75.49080189978075
6.200727559285135,5.334610919763215,8.938925830509577,7.885972112245307,-948.4880897673613
1.5167487973275118,3.1172206779554825,2.4848913981446574,7.43946292572677,41.56121354568542
0.3353243473577938,5.698896848713165,7.624586857406905,8.767656367617494,-555.761184617996
3.4208174871590744,8.212573046720129,1.1063173695520723,8.464522917345182,182.8497012787756
1.2748866233198242,3.9728729056036727,7.972953657795536,1.4991742734877378,-719.0535278360594
2.2925139523264146,7.222525683930662,7.200365365460744,6.411476328852973,-414.5509753066973
6.939484444671001,5.427244433475962,2.5179905890695276,3.4569599350391944,73.45186453025316
1.8159771680142567,9.084505613336283,5.833917947661204,4.008514167636399,-110.25465381701756
4.620058036441327,9.472833396118153,1.533514031160802,5.862298320167972,216.40318619592267
5.05888678884466,6.1145423543464785,0.18110183820840509,8.721239089441514,133.94208773513552
9.321182824836123,5.65133183589209,6.966508238768922,9.224993811772958,-379.83039368626373
7.072386343133986,1.5253904291426135,5.762883601668132,6.067150463828559,-228.58781514191955
4.24130671302386,7.3644423562472285,9.343670147690148,9.255685129067764,-1061.0383140310564
4.508393714041321,1.1323804584075525,9.848411989623346,8.388980864459342,-1380.5462275027378
1.2466268120326685,9.208418826173723,8.698963620621283,5.188380571260721,-796.5665299370518
5.912754357449293,3.9900270387013026,0.5476163882203133,3.3519724164590095,57.12296235431499
8.028534485980114,0.04632023004602859,3.334991716911442,3.9816869359094333,-18.417424245494683
5.373956029379229,9.198556164127606,3.4634599436596125,3.469532018962277,136.8321091733259
7.3750124810974835,4.522179408898071,2.2460482293998196,4.524395161326934,78.41745289966781
1.4085702037979986,1.763869865062233,4.983677727394797,4.189254495045479,-156.9046736733513
9.148459010681,3.623938991166331,5.805883502780435,6.322642879195303,-207.34633884093245
0.13094456588333636,6.635373720167106,1.7803596686975143,9.610703174694551,130.04036819561153
1.4866272775311296,4.146241237270237,0.8534966807864386,9.968742518459473,88.40895023629365
5.021950103312426,5.953850173200438,0.6707647738842748,7.499604703991778,122.62062915053762
2.0990559309558576,8.980542894407137,2.0513964048200717,1.9068772066366657,158.206273111634
0.3654966784809488,4.720669451099992,5.648411332626164,0.6570863942835237,-214.1090377277888
7.755276166950106,4.532888347480276,5.243902693275801,4.407627469382281,-120.86520628809926
4.00763060875326,5.596403313082179,1.552402459307125,1.8192813049527112,69.73363859840053
8.617856210135173,9.461154621336327,3.7330931627975295,2.707446731435538,135.26105984223395
6.439995432390157,4.087341710980964,0.2538635566034486,1.5615259736619036,59.11674797348913
7.159722288473976,6.589239419101514,0.2709599250348349,2.219721619329494,114.56139770769735
2.310747965880714,6.718927435987284,0.19710537754364155,1.0410858198457384,104.94398607174276
7.999160853731894,1.7854466205433361,6.527461078518747,2.381827810467265,-378.53972648718104
0.9944139275934516,2.4317219099945406,7.2226693185565916,8.556964681062858,-496.7570779805592
8.302198645669916,3.9718352961845484,6.680851365706461,2.0498429541582097,-374.6279197845184
2.9314773026101326,8.963358185211197,0.13001923510736035,0.8550853085446808,174.8130115534536
2.078862551460273,0.26532203873819715,1.8143543508979731,5.830415609696922,31.705428731480637
4.214245505924979,8.926717110769749,8.17443561738441,3.4181735169787597,-624.7051566109694
2.594234334312925,3.7969240816726693,5.902949425148077,2.6806364082287626,-261.3313311343796
6.24148907849134,4.0941165219124045,5.520471808519803,4.361265291353167,-182.38632274454878
2.9446575954191765,9.484533069621566,7.636057941597608,1.4011317576645255,-471.7376345057983
8.684679758979128,4.874311982495136,8.945522268940914,7.998552559473152,-955.8900040452138
4.252135044692334,0.22469308320117398,2.686773593849461,5.416342146608669,11.5416620536219
6.334782198261473,2.578876854332023,1.3935607407282413,8.34930236799299,62.1076211271091
9.84402180703552,5.256901823026858,1.716792858483035,2.7230732651936895,86.81328755251894
0.18390676547466733,9.14298806560499,1.1775108289014113,5.765164755142536,193.74715706054383
2.74055220687206,5.541780025157934,6.514203883518642,8.297418037072017,-303.8908483700926
2.064212717606032,0.10995828658480478,1.3688563006880727,9.00018641848105,57.23308495845061
8.738900775625153,5.974131021703083,6.005168604336534,6.650366745462555,-200.91895612920106
1.753712786234496,9.144119459249598,4.187705248920731,3.8313852824949746,84.01695553772541
5.189177052828375,0.46965966775055046,1.662833687560794,7.380336164263705,53.45929561935061
0.8279866792512647,6.031521094663882,2.4534910968132095,3.8929561404197655,83.91086207507814
2.8869373677069987,3.5567271646494913,7.1904590518424545,2.9712171562317504,-510.85370865718477
5.664046402968972,4.760504021990997,6.636711653626481,9.36829739324758,-326.8647500769878
7.325720972102503,2.149403785907568,0.3118313506128467,2.622640442998251,47.13355703164008
5.9507793070025485,0.5142581348425035,4.963662472012364,5.968428489168892,-134.24085360594785
3.3424389081696084,7.7091220374582194,1.065982531337718,0.7513778173580876,130.33416106427325
7.281887562036033,4.954913162061985,6.88402396427736,4.348273386037462,-394.47939766614826
2.464020332391068,8.191023176741997,7.994158789689792,6.946964708544268,-602.6675839646282
2.7214513722996267,5.902306668690871,3.6097389694002677,0.9158207332663415,15.274738645185188
9.173135754622429,1.368186309189614,9.502373538208024,4.460057729579558,-1232.832241081384
1.8513292883861965,5.419009473783581,8.729458358764083,7.322248864095612,-898.03799174728
8.065611478614498,6.587833667107174,6.922765645178525,8.491956515653193,-333.96700293225
2.4966800885918596,4.894249636431405,2.2120944181960223,9.87668007996647,85.16926237507816
9.440593396866133,0.394268113685059,7.055751725156885,9.252483174156659,-454.0117145539809
1.8057534512733353,5.679452305526294,9.154882975880419,0.3394597858579884,-1069.3472789198745
6.974202672468399,2.9734900737255074,9.243961953765304,9.710582451653679,-1101.857868056329
9.442664891134338,4.742142166574638,8.620426509893134,8.445493985350703,-848.1177982426129
3.1910047324325563,8.289154741506774,0.3700763471549262,5.96269878482053,175.995527118164
2.3000883728770303,1.205668857772788,0.7695320162920916,6.962887758781397,48.14209945761241
3.3987496376806616,7.247667715287615,0.6535634079894237,3.152903378306103,131.63840332518362
5.394912923753372,7.907231648389636,3.187525029320699,6.2589137643700905,117.48541410249908
8.85977748236187,6.158631881823045,2.329594747536338,0.2440078155653802,82.03191513699387
8.700988739009299,0.21269410850387138,8.747016726841995,5.28937134027212,-954.251803744343
9.390676985128962,7.987832357736654,9.979341105333376,3.5071181545171015,-1317.7902416688385
7.671882889311269,4.019309136092422,4.798756203039089,6.275054632183701,-76.92924455911994
8.736771141863388,9.840834691992951,7.682734138645182,4.177667821673338,-437.3294674672815
4.213570022770702,7.375823015888915,2.3877714576830233,1.1047411313139466,97.66923883559323
3.546221576407765,2.8723899165408175,2.963081204559901,2.3360775104990994,5.116891114808153
0.42093189636361883,0.1787393473341381,9.877223897360315,4.277731337358624,-1421.4481143245903
3.8432664715968166,6.796472826930699,2.1825388786506417,9.499611839502254,142.73989741476493
7.863450144155521,0.8941100231225951,4.175807757849284,8.791183075621646,-37.856537166425014
9.447320222914103,4.674015112498697,6.134113892107077,1.6703394609207523,-260.32259805563814
9.911686261369766,2.3167170138344337,9.427317741351256,6.496466489923685,-1181.4852044152776
6.077367948788591,5.126885110165086,2.3066981171775867,1.7652803200550826,67.9491226127351
2.2048620907017535,1.8643826214425452,7.795844735667533,3.501252591667301,-677.0070301390148
0.5784267656339637,9.691026301408113,8.837858849634257,9.27752283195213,-799.9925919239647
9.949078226464353,1.738952492194873,3.9624201890265875,7.582384757040913,-8.150350754639126
6.960206180537922,1.5389590633985506,8.158331249906178,2.2444057183666066,-773.2232072376086
2.2381761482262306,5.3697442289341355,5.929399348417031,5.8008620783781115,-216.4408796793923
0.9148683739775487,8.774608626303804,2.6560004258870604,1.2951492128280417,128.72185404941237
8.887480798689772,9.556514982297534,8.621276172654506,8.09516074724878,-717.8320035136596
6.552419806390217,5.5085737060913935,0.8698675991141014,4.084532130706987,101.24496242970876
3.72688517012314,2.5975378376032623,7.234201136885849,4.9587573507877085,-517.6919461880992
0.8104621590764793,2.2018320194981134,6.832587636595959,0.7613085949030018,-465.5979380160721
8.512069140487688,4.951465270139743,4.80586577326648,5.924077846595176,-61.60138007730129
8.246809659251491,3.4780920790219305,6.780161525590636,5.657319639957911,-382.3676307862783
2.6702827016942132,8.78629986355158,7.974260216069281,6.584518346584255,-561.8021851655507
8.505817290942419,8.672942009598025,7.083629767150348,8.37013328363672,-321.058628108347
6.974714616692836,6.801407717603004,6.186113782151843,7.527166395576412,-204.57461232036988
1.586051052930737,8.808707591989284,8.71843527745232,0.29247283034559146,-836.664618783809
8.258167505647627,1.288698674734452,3.351188542591419,7.435082562916078,6.8797976134918954
1.607598960483082,8.179670241190621,8.32134177957742,5.074677337608362,-702.3714690707758
0.0638587171683358,2.870381331749128,6.169269183757422,9.811861780274235,-288.8616530422686
6.3181352701666835,2.5980358106415977,6.340057030996114,5.3998537971585545,-329.0928937876003
7.798453951511436,1.069806388269584,7.61027902502028,5.412665786761103,-609.0299505306084
9.629920038589946,3.418721660386861,6.326218931339481,9.320281055100175,-283.7094051854926
1.0250972799067926,9.372284872364512,6.878857223008134,0.678370591051719,-320.74828264257064
3.0096356694681625,7.081720886452816,0.673506014687717,5.8217046017627325,148.24556761655697
3.4588305695295674,6.209155177674771,0.4574203381251285,8.715368061523762,136.36083493283246
9.734889691773969,9.688778552856915,7.496518317429247,1.3008624013063197,-410.35927100747284
7.582631959290226,0.2458691645880151,0.22123551528997254,3.2361021914954122,39.12716276694892
4.886431904046658,7.704074178077932,6.832953766065052,4.459027063767484,-328.7366262363748
2.736266662816659,9.971245001577111,4.261813022359729,4.513870243296755,121.99693331466254
1.6362382119166918,7.948095487499294,6.936822257814886,2.207696127887604,-348.91657704217596
0.823810456158427,6.804993020747131,6.545112142811353,2.7325952699820935,-311.04037431330505
9.508635622504103,1.5105789178090023,4.323348010426019,9.436159201675988,-35.82568512593997
4.197273169261223,6.385259476640855,3.9759439796279428,2.7421520234867005,14.443728578192074
9.839776479598282,4.09334006315043,8.940992036791345,2.299546058910862,-1004.2880094917766
2.131047040250833,0.3113408288451136,6.5166682537588505,3.6852634372376114,-392.1604775542842
8.64358249839637,4.732099066915572,9.681934279147217,1.8552551570312115,-1280.7224344080273
8.686231679556109,7.765968527917417,7.70921844644052,8.447832281168877,-500.61632112213476
7.610239909429989,6.262203216314154,1.3124487768238757,0.32526179491251916,98.40305813248408
9.208478478156868,6.166503145207381,7.965372909761763,4.815223515125501,-630.774423704092
1.1730818896239448,1.2518579220255044,6.855652872289713,4.303058948994627,-455.55883939442555
2.005247267003367,4.915945467414369,0.6420893707513409,5.819714019143988,83.31156431199672
2.6899340443509767,7.975591006371881,3.1036195892357377,4.552201490818012,107.90467608447192
0.11620539908100636,0.7244688779455888,3.924935564066848,4.799388347171235,-68.88596272194911
6.000205481193037,2.9166257870930323,6.949818861265426,8.601223971892045,-431.91696404598054
7.7985098889334985,0.39618825348357145,4.805069472578289,1.0493017841817487,-132.5691116221328
2.4204501586252745,9.866625932671464,1.4249554290151323,4.988881534513561,212.03808436083597
6.181557343181191,7.024649705441039,5.5964868348691414,0.09770847419183659,-139.43596001299588
3.2646130824399187,5.1771164338471145,0.8786649914483335,3.5062693120918076,86.84443911698114
0.33203108791366565,0.7857849715502074,3.9692327620159604,1.3271575404306035,-86.44586031647734
5.675408482615581,6.894649691372657,8.005866991090828,2.0015024424481007,-660.600491959685
1.6748258225906976,1.0456784033440025,6.364302495436367,7.064757264869011,-345.9442702762452
0.3158614482564204,9.362122462436899,0.5197128365147241,5.412963353010705,202.7795915343111
7.090605194509164,8.709691237460856,7.140869321324278,8.017280830697919,-338.1682981813019
3.3945019254280604,8.148251137465122,0.8011484638467514,8.948166560605276,184.3649274822327
5.475923761537363,8.172977699624937,4.523182845183001,6.4357769519652495,51.04182229206149
5.264026609361132,7.315895217553319,0.8162998203058958,0.603520839905638,128.36305906626148
2.4710323401014644,1.5954468011318834,8.717835665922017,2.192139873580443,-975.0000027399735
9.758652558191313,3.3689579177110685,1.8211791568869928,7.896985071424791,74.41220241968573
6.587077755008761,4.98195716453139,5.553635509376313,7.192017782722639,-153.20903519485833
2.2845474133129873,9.963339160567418,9.747931621467831,6.503256863469369,-1152.5655395208116
1.9954245092914513,6.802282424312914,0.7219840897917584,0.30652502205806065,101.97747368420802
2.576828885112137,4.626229567393163,8.682725054083805,7.271690697663081,-897.6658860021375
7.42706521199981,4.2549333444807536,3.4593499254696294,3.7103876298460268,17.501957559680676
9.876495637360579,0.4010919141248248,8.670314961224486,5.786754085723934,-909.1173101817448
4.386154191895905,7.252576604151365,4.866689414247029,8.734232380816605,-6.792004502732095
9.007018640112586,4.217209268734554,2.768277972350516,5.923503285933622,60.14635964694368
9.12363345616691,2.106621890056666,6.229665835634828,6.3156022009252055,-295.73931854090273
7.33113022415281,1.315676851272598,7.158249646820885,9.09032520665641,-481.06518244002126
1.7968310887024197,2.3754332492387764,9.713950940416396,1.8097695270948977,-1343.2969858373
8.543850933695792,4.922778564480348,2.4723107440317706,8.707499012725114,91.83264507511328
4.453052550026655,5.148173539296902,3.5923336939976567,5.9295085143492745,26.702342879752457
1.6352387258502277,3.910815366517607,9.694123223352875,2.5813343270112754,-1317.8654196136752
6.567366645412922,3.251900642246949,7.734731256866007,1.3087366071834983,-649.2212551643946
9.698210450785448,4.5378954138363925,2.3605046334646396,0.7349674733001266,47.36309611919209
1.6975790508754074,5.197739485560176,3.3700317643128628,8.288833658826094,44.774016620485284
4.308875236618059,2.487142725876299,6.171449866040301,7.067772168854458,-292.24387992094734
1.6704190790094986,1.6761921628831766,0.3667142693354297,7.364020150656405,49.877827423517196
6.638045276218051,4.746308757498139,8.441704489691972,8.056701529500533,-799.7793269793376
5.853543643967521,8.682712805132587,2.0584121003676827,1.1191961939772788,166.95729719003333
2.697496115169896,0.5708685608931485,5.31169528001032,9.366056922949614,-173.60642058023896
0.39343540668509647,1.221099140100268,4.521990282834353,9.33875017527905,-79.28474808159604
3.161561049767505,5.072348086883924,0.41572859050392097,1.4834320096208886,59.513315156116185
9.86630122958847,9.651186964360456,0.04939980934409616,9.51811785423239,265.65398209621185
6.391199378155004,8.679182945200221,4.547398556338591,5.155960285792503,56.934638873529494
4.888465802569202,6.668642575461043,1.396512547563129,0.2997358987267795,97.04256193161264
3.079299415911909,7.0468076273664675,2.0185345212294834,6.734324333249173,132.0097623883778
9.699120461072704,0.9390071578941839,6.726021182251262,4.437502193045711,-396.9754153898161
8.681422543775053,1.771497894473859,6.926259522261645,8.381152896481103,-435.2685619270255
9.446142194740233,6.832480282896459,4.971747640084273,6.178472402012138,-29.22944882545144
8.689049844787181,5.706097466388297,0.3038705969683686,9.309486955069778,125.2252388960994
6.895267510315612,6.765133857772465,2.1567515239771717,6.5888547023265716,125.28738013609896
3.938644056541585,6.512329770414921,1.0659303030799072,6.5784530460303605,135.8582304365545
9.994137257706665,0.4821203886055603,9.771741842213173,4.069079607228706,-1351.7267906254979
8.707534503372592,7.823854840582735,5.6701626098666775,7.384492092513265,-93.848846668557
8.78515561301348,4.0414032165103295,3.270331615632387,6.675933855635847,38.94669457330889
8.078459419412585,7.622851347766158,7.978136488586345,4.35583314812933,-589.1507004790443
8.178342161750216,1.2020905537060844,5.444890979608496,0.057586604981215705,-223.58110772915808
3.2458582990027027,3.664615348713979,3.961726916092554,6.954672066898622,-27.157423803149314
3.885581012703457,4.486936226225307,2.375441308743275,3.732517916293401,57.96575413076039
2.2726962726315145,0.7319592376844364,6.034485933813779,6.682127985550163,-279.0301242334002
6.194903460096145,4.6349404380057235,3.797857801792298,8.633336495718252,22.030704047306948
5.190817851362181,4.79181877629731,0.2564206580643569,3.4124782762615635,72.33734570743921
3.8019561878585706,3.988227808969005,5.801723692273323,5.336025467268785,-212.5518745686876
6.079050927934446,7.6488326154212825,8.129857387160936,7.181230762264944,-626.8844787332073
9.555236959549347,0.1823258267636163,1.957779856835461,0.0756287497814212,21.24910758181053
6.47474714154603,8.98030548949987,2.4348229657629927,9.270345447963066,201.35395917454488
0.6026739028956085,9.344360268055143,3.516226872396344,1.0142082844921652,116.05689416108638
4.858717591863257,2.567765677205079,2.8487290196192285,3.0728996492628657,7.648439470076007
8.030258978326634,5.391612766752544,3.1130769915600363,6.103337833109183,69.14629566487822
7.161506742231936,2.7262400073353374,4.135491015253515,1.2188609333694755,-56.39092351125322
1.8114934953468032,6.811178539649828,1.8143834769562694,5.251633836670601,119.9146497517393
7.090462617224327,1.0687692309474384,5.673122196289036,2.5656278370136376,-242.88114957205875
9.629268752375799,4.835456467199247,8.059925497751582,5.502265421562617,-675.343250389729
0.43412532854819164,6.3315137559402235,9.51403342206657,6.016118201463312,-1178.6454861599539
8.191888594267901,8.842064633484078,2.2807977194893247,2.1204483990822665,177.18025530068164
6.1098098885099175,4.110284698067047,8.398613028667203,9.000231233980111,-784.1635108437187
3.534213793027181,2.3687055897448204,7.805255152438618,2.748060355481361,-683.2611509452549
8.226143185136785,4.237382536487628,6.675498992914704,0.9553531383466818,-381.0263621525028
6.23859324676573,4.517676787372292,5.866084631754741,1.6801420774486342,-237.5082833393069
7.368737449441821,8.627970775432285,2.1673980009077565,0.9571455552016173,152.66400330527398
0.23638586046336396,6.4197150044326605,6.070940360887808,5.4669741271407,-223.4256928368617
2.3194709611597544,3.9090599590551465,5.944763351861731,4.967668588591694,-240.21775144954472
9.877855202148872,1.3643975255673313,6.951445540475937,4.043187681042921,-459.4955558364671
4.281996149256147,7.175977656581763,6.924361513243697,9.912559937021882,-332.7645860162914
1.2839428945412523,1.0410964938416634,7.243388171287411,5.783869170064091,-531.9130561715617
2.7416066655980584,0.794193689889866,0.8565824959643054,8.941908746641182,53.868486970183675
1.918673247187429,3.2337156211552074,2.26656402226988,3.5499630583193733,26.38795679413186
0.6942384274609337,5.190597909082704,0.676125635922149,8.003565078223616,89.02544009509494
2.3371208191043302,5.400119146045106,8.800790875614583,6.5087736904719415,-923.4418908967483
5.329577865513353,3.243337531153756,3.330019130581979,6.694869551981901,11.32772803086952
9.941393612211675,6.618391898493786,5.577834173700249,7.306505102392461,-117.29500315003925
4.652056122837181,0.6014234260078521,5.6229681587790985,9.576252845053801,-198.14476468586804
1.7530294235765964,6.900048908206657,2.0093368865905648,5.3582768447308124,119.89490168824186
0.9667644964671962,4.503709362581851,7.561633288952461,3.4757152423898208,-587.4380116742126
6.64911724487218,7.954499607897292,9.271778194794527,2.3464208185545354,-1036.2117735773625
3.993159158093081,1.5241601333041743,9.924835021583752,9.270009679242953,-1398.0821183861142
5.399571302805596,8.420332943764212,5.209579772720422,6.2358568800275975,-21.776105169088748
0.8912443211601662,7.552704204968079,1.2771348363523483,8.260676302525283,159.4592328944435
7.820280876703859,7.087446977429765,0.36160380524762115,3.031283559453286,137.52273522640715
2.631125699108429,3.6013640747151907,0.8764274676383854,9.369578230310628,86.23102442678419
5.538022407123763,3.0552431065802352,3.969815170742834,4.472025405048356,-34.59590751392678
6.005943333606173,5.156794276964978,9.193919732144174,4.969634829058302,-1068.6963594916858
9.921580148233126,8.514249577450958,2.085105143573358,9.305952146439163,201.33108430388762
1.163663978854761,8.174497084911916,3.806232934765801,8.779743204450694,99.75561162245594
8.680566901074503,8.059254001176212,7.900304363070614,3.046791390980408,-572.6249489582469
0.8091928305125218,4.029801787651614,1.7352451498650867,6.9495108890246176,58.62489236466084
3.4609972653778556,9.756102008599148,6.40972077345332,8.224805636343609,-157.21726111105627
1.3252467274184843,8.620144822726225,9.227571905133944,4.870619188189359,-1006.9536363668603
6.062529377509774,7.648098009029955,1.7483862726041255,5.0256607646344245,162.9097114618057
3.986630277723131,1.4637399216224911,3.6753442229153146,0.6817230938549357,-48.16040929863887
0.25811906949486985,1.3516628915482276,9.631151115891738,5.49529535895017,-1298.5583004023995
9.6582216115322,4.32497878330132,3.1181613308525957,5.061418628402441,40.10166890934888
4.3951168863291015,1.0566468426174391,6.408263146902062,2.160381825095996,-368.16449690163165
6.195879548978295,6.502010923981533,1.520248531286481,0.6134962711066816,94.4695776350041
7.807615860684399,4.5980042376932015,0.5816379550547579,9.948663171697671,111.67582044893138
0.5778056099636664,6.950352288585532,9.836789252634135,2.391801042159256,-1322.0307600032195
1.4224936868719618,1.213849394224289,3.0327514756759557,1.010458110106467,-23.376416013204217
6.9216134169413195,0.6229179813006269,5.094221281497897,9.966968538529768,-128.90630781047759
8.139702695060189,6.152194382310109,3.062536207866117,6.238958362916385,93.56890924386558
5.270414639116517,4.260833838903714,1.3071037674019947,8.866042152404667,96.12164923245456
4.497846488213225,1.9462251182076507,3.677593508772896,4.1412975252892705,-21.313685107700287
8.275378955668742,7.336143805614021,7.693048936413398,0.11031264428647214,-557.3281043238785
4.161539981797615,4.813441516353237,0.19192276823056686,2.598132087450342,78.09928101895535
7.60289823122135,1.3710970572899905,5.353101314525917,2.152018720172375,-187.03444036178084
0.12120774643893273,2.412014575995415,9.758737549100537,8.015371118829895,-1346.8209595303365
9.595766443210334,4.878540439263625,1.097361986775035,5.47959488973693,106.83908365767658
4.543773345599609,8.44357082739616,0.9808258078424459,4.882411370217782,180.8965183529142
1.5004866469398426,3.2467592689005995,7.373570773877996,4.7601812936876655,-553.0986659807415
3.7588828514576935,3.944762785700353,4.594467684059866,7.850165438370569,-67.94774099489132
8.920846889402345,9.553346865039282,7.869033862552951,3.1540689574801273,-509.4256486968999
6.881347060865421,4.376031240553919,2.5467062204605115,8.408715794259226,86.46017263749343
0.38426348962324997,9.017619921354235,4.614774646247342,6.3720147680828045,48.23585123611385
6.593539222057827,8.951177407065364,6.366696821672074,6.139335847600618,-172.47434403690917
0.6665204056068996,5.18408021945204,1.5016900081704165,7.374337687214856,83.58649756915786
5.122219208126745,6.802277792083533,0.41672900602384266,0.8479201604580322,108.14040436255364
7.163233880626823,0.7208433599867337,0.712567277652586,0.1210847523488745,28.001568424804436
9.5650139829948,7.37508359459007,3.5325140850206416,2.9653558128765525,79.43611515390094
3.4970322974584955,7.746535311811819,6.613706110704144,1.8519556786746794,-296.2438299287797
1.7410933533408435,0.9839564971339732,6.603027197013382,7.643726622217359,-386.2892723656759
2.6504642832500402,0.20944961030912812,0.8217166747642735,9.678600348450304,56.15673868330138
2.9544477747742026,7.692231478381336,6.2466356885426375,3.8193963965289592,-220.2141637890168
2.0568726219555513,1.2138641815940643,6.150129680388666,7.74633780637788,-299.10629642371555
6.439042535411307,5.303021332491583,0.41951223431636264,9.684887775943839,127.33917050967749
7.987141916545745,2.928220367009647,9.799703293588507,6.018815896363221,-1336.7821313110815
5.824226582072464,7.4807317942953215,8.117697880901375,6.564786073315027,-645.1078484221008
1.2809574636620003,3.382675059944984,9.280836403260498,2.2461561184385195,-1162.5544322965256
3.7216702383751334,4.32076882944196,4.394049896944522,6.129395824945255,-42.13443699541434
9.430758377447075,2.40692711832505,1.2150137630091806,1.9747048985993731,51.53512037768682
8.869249002092696,6.458108126552061,2.859067892391601,8.159469389686173,108.89893186849287
8.61369996363436,8.465143386902781,9.189265336395545,2.522410201733616,-980.4202945941855
7.550419287462783,4.6053949727414,8.419985528900614,7.284906771616132,-803.8129240546091
7.764474464997246,6.561618376810715,1.7742876946970687,5.450269188969383,128.51067111232197
9.846697395245082,9.373880664971189,0.4317373579701167,1.6481481572943713,222.88823358098463
1.317287734545619,7.259799099852955,8.17785329856945,2.1351136631067194,-705.0715994927953
5.05852692951829,8.407030280112,7.328015447662506,5.422372054918483,-410.7974181374662
5.903476904587729,5.0836054691628,2.9754845131882055,5.650219928590161,61.95255409094174
6.888853020500907,8.733229158608077,6.362913539792481,7.61121537043158,-182.8725474093141
1.60071634954573,4.6155747441978985,0.09331619827093296,2.46678864521623,56.57815867986372
7.264617151130048,9.918099513493635,0.9917809958721591,4.0149431586128825,240.12485122074972
8.000709686991595,2.0403563462889887,5.550849493022863,7.330712960296748,-190.7382071499088
6.159854502601791,1.8802473461541613,3.553845686857394,7.837917844853973,-3.766679591829828
5.542265141320167,0.052296135429127366,7.6099076002809385,0.3531135494023907,-638.9237805202972
7.457337827312322,2.024805601652374,9.580734801193802,3.679407513020845,-1268.053902700681
3.269316163380791,1.4888805033244468,3.0560421549021486,8.766507618282006,16.595737814311775
9.963343376272473,3.683095305068483,4.486106309545425,7.220709382027371,-43.99699469069015
8.861957804650745,5.930443341867841,3.9152569817782936,4.126218408486237,29.380732840043073
6.956181464968068,0.032182636042786816,6.195893374598407,3.554930104413574,-318.75550338953445
7.941973312770843,0.9299063982313216,5.882022669483905,4.809728898861238,-253.3679685912775
6.423255259052274,0.6485359448296835,5.799837874281312,5.614845879595237,-246.9429253017153
5.606600944161709,6.034876665964548,6.764679372263622,8.049889996807698,-335.34071192333755
2.6982072012821434,8.250494101800621,4.982556822634536,0.7705827913433116,-42.40542808970451
0.585509292439792,3.3423831869606078,7.8489697711146755,7.076809347409157,-666.0107039323356
7.886149646724064,5.172690564416094,4.401989979554905,1.4745252670628395,-47.45991913127199
3.2819275360931153,4.340193661738753,0.8860042967961723,2.2061195271121123,51.93743517339569
5.982252940637388,7.356631142391898,9.983475113929497,9.331133313435577,-1318.440308074448
6.425651995351915,4.21248053294072,6.361773647082327,7.85651618080232,-291.09889870928254
1.1833619092338732,4.099048896962882,8.398022856356173,3.83832951933044,-828.1678593840029
5.718722712271865,5.877693608621982,1.8447625313363936,3.622354416522884,92.78987460126103
3.3451128874193214,0.26196708532064794,0.24191763891355245,8.316970436757735,53.77647155370298
2.7307080997281243,5.180787662388155,2.9872557358877305,9.406792451153406,71.67514920357219
2.5929675886577375,4.296568127389351,8.727302504846019,8.419335667918087,-908.0626381578671
1.8610141784627732,8.026433097957105,4.581868867378926,4.829688720853552,10.166124790392674
1.3347997241594378,0.8060151375712465,7.279393069737652,4.964611523552998,-547.7241965640212
4.3685070261517955,7.295082286523967,7.6551289899110975,1.5890816766935356,-543.5892371327598
6.102251494776413,1.3535408227768553,7.513750860290457,6.569551562671395,-581.4450219189521
9.56614621083458,0.6895801635642118,0.5705472115125432,2.8218707469320012,33.04785536036838
2.6170568373590597,2.469787990719998,9.062545805210366,2.495461998495061,-1083.126114052098
2.71949726128631,7.593982624179637,4.4973984245054,7.767105569551812,36.94325055869622
0.6536615756438524,4.875711936733843,0.3361360018328263,0.6265320345535452,50.78161363067853
9.06437453344411,1.3924537111759516,5.324206822752171,4.110956026007066,-178.40398718096523
3.4734332625884266,8.998333456872725,0.218233967754895,6.637896861755891,207.40094645965567
9.633944342135504,5.60168183461842,9.368224620330919,0.5225787928602377,-1137.44983785821
4.187933190741614,2.6015779096205116,7.3082096498072975,9.812970904972467,-504.3676847739903
2.565300624442478,6.5417460147407445,1.9809763275974013,5.653302545716099,103.6011349943617
4.639324866883362,9.72005329631537,6.085272726964666,3.495063720868188,-114.0023740420312
1.1409578488793337,1.5124682873493456,2.2531692995123507,2.50966661340298,6.340197707967139
8.506160578411379,5.612227882825249,5.233909113743664,1.1476887186921747,-121.52462915836703
8.60139693349435,7.228143032084837,0.6766836190000158,7.078350972297686,166.91670476137833
5.4353821734264605,0.8172534574677826,4.583006415286564,4.8469628713004695,-97.36778657594023
1.6577454016327575,9.456981470002823,8.49975371480662,6.690223373291083,-699.4525018271373
4.622955610006072,4.1176554158450855,6.509734671509541,5.4543186940690545,-344.45554165923187
0.6227310588188562,5.125026487703317,8.064036172328395,4.59239877596958,-705.127663253473
0.5195657755426841,7.862781993840331,2.013637821359744,2.5862083488803878,125.56581891041742
1.647063534322959,3.302150648714975,7.56751505688635,5.193858595039373,-596.9733005696811
2.048812741507126,8.778300781520409,8.795818549515293,8.70578425046007,-816.5930667592241
2.3879621138153926,4.512393441809881,9.849896561408752,7.7201247630999035,-1347.725592195686
0.2716742122555982,0.6520459126049205,4.639313768123328,9.092202058615602,-96.69464333237984
5.387017979527142,4.9781250803429025,1.0547369995663058,6.5678010472429404,96.38488288303421
8.221031606002255,3.8042000750756233,7.756118509253275,9.644766539008117,-603.648513465072
2.037664591276891,5.233296311947413,2.8713795808457556,7.9285441903383935,63.05183132602511
5.775933658811575,6.345824175503037,7.979141596158941,3.959704726624549,-643.4496615833635
9.150900684070432,5.3302886724614,1.57954822835348,6.958991181688025,119.30629220700419
7.9326135043825445,3.1676167706752665,8.57179256998753,9.061432547657663,-852.5386927975712
2.769044873778089,9.83521472715222,1.4071152804875842,2.0201566840249,203.43906284040315
1.8422483923802613,8.939897100078705,6.542925523249618,1.5210428322227287,-234.7513005740603
4.40323418368349,6.15298025069802,0.8346408498938329,8.824163684073387,133.50058149810857
8.036035354415352,5.052067735766382,9.671266152591704,4.177609792750997,-1254.4595631456168
9.841103190364977,6.67919998803627,6.346712732539414,1.65954895295785,-257.18973531363224
8.81927758304644,4.2748968792061515,1.6223340578247936,0.1260751997575904,59.89959513732392
5.597556836383825,5.2739962212267635,7.193536223691586,8.902580530178021,-437.23249557711745
0.7940658464302952,7.314964903403624,1.8741194409758222,8.581770531571639,148.52567569713113
8.19063513861656,5.407937549855443,7.102427986233115,3.1435011318374837,-433.3496352193125
4.7116789893281465,8.216368977104716,4.592651971732139,3.577982653254418,26.097935751411466
4.942124472502999,8.282492524372184,3.3520804737087273,1.737615931357438,102.64018996430681
7.120140203307807,8.259782127080818,1.0063747852353333,2.3987411275594472,165.41452781899156
1.419719897609939,3.4794141158216663,4.503509789054126,7.4882633696330645,-69.43141977307553
6.511475848816741,6.2092856747843115,3.523749466096544,8.4144755308476,77.75230974766055
4.712871673981645,9.791049380151545,6.3414213829573685,1.2626474156450274,-171.44976915249492
6.7617756207543405,3.25104015431699,6.8632719668609745,0.6964114816240574,-434.70474480326504
1.7488143717595939,8.557372589057863,2.271795570235149,8.3704112524294,183.2315411457995
2.792760884544104,6.428819100587076,6.9415057350983105,5.126547531450529,-389.62064834271945
3.053106766967313,2.126443763710961,0.3318935456242622,3.039464012407238,29.160724237700215
6.53162790531283,9.383048184484826,8.71204482263052,7.660647765353026,-758.5832755143159
7.884473432532987,6.649849034759953,2.60286857566003,9.071950307058298,132.54086116094908
6.707323119058341,5.6044063098044,1.1098946921348107,4.470555438064254,100.61978896821338
4.6035827120192625,8.645636095226699,5.466482201877884,3.8040054897040965,-55.94180249562261
9.768003285106593,1.1072059332631567,4.225484283119446,0.4202467517140529,-77.18985392150182
7.3990412076693035,9.180765521991507,2.8003732955048943,8.583416767991208,200.94318222244877
2.9221823046189774,9.107701616439153,7.5396190359678394,8.049067768414385,-435.1613424530686
0.180065556004545,9.62810357074026,7.266709920703232,3.047510953861333,-380.97929343680676
8.29394664858847,2.8152119841492995,8.727538395661279,1.1258039041193701,-949.3971937518768
7.036859774607958,5.406984766449103,0.9653447019544081,2.41893828258839,79.6638679538334
0.1240403627731479,4.687679654645058,3.0126526076000038,5.983574842977588,38.28726860000138
2.972378077086172,2.9991911150698467,7.431931987316034,0.4814283597835345,-587.2148820613425
9.028949951919872,8.522638743911815,6.678046832264065,5.932215701073843,-228.49022949217544
8.923024981396523,1.8533017952871444,0.7896916219082861,2.395101699095381,56.4149270080018
7.945782787001903,0.34670266726483323,5.828068350834896,9.954375161913099,-223.99519823932192
8.556960938375394,5.214456890435894,0.6364090928664234,8.313735143857098,120.70236053917905
5.989785081772105,1.1493299705956683,0.938572848233562,9.096268194365924,69.83031257948487
6.692002629380784,8.292867993167555,8.789789002822673,5.717723520483222,-823.9299913350733
5.174463517550413,4.304274103209902,3.169465877911193,4.345959608587117,18.358223877713503
7.738796557301564,6.019234310151315,8.925232899548462,4.433800143791878,-957.5572883568524
6.07089578718754,6.313075530919887,5.916971623063255,7.026337730855163,-180.79062727665422
2.374334683748063,5.123637775457906,1.0422480280834767,3.8451132764481253,80.06732518723403
4.876670686212644,6.522242595454725,9.505310525862035,6.0065106654835585,-1155.9942128758764
7.435939161765598,5.062660594952027,6.341040313763314,0.7093221613377343,-299.9840088736653
2.54391580841847,3.618530932051387,4.724933550065136,0.45648745502383736,-128.12296209694097
1.4002409755331768,2.7681430779130576,9.715326909010507,3.3134700710305074,-1350.9966631460545
4.820410581120825,1.9609771273839294,6.107800710757683,2.806832155159743,-301.30303500329956
2.0699257843842678,5.16572628445979,0.05505799160420821,0.07664032649225327,55.82120335996204
2.1906880910185778,0.3672136250082114,1.0802575413069138,3.388606493387516,11.801429005644344
8.025856795798129,5.720486433693008,5.126677259564164,2.9348882320812164,-97.1900409385956
9.317537194328164,3.9701504123719165,0.8709276679577149,6.170665161178013,93.30508686991378
1.138383934766014,3.452231428016921,5.074119387178088,8.742225246851758,-125.610853677099
4.935465803401186,7.022587660316643,9.928168389990704,1.3148911989798162,-1350.182323283829
2.747315255195195,3.945760755976464,4.218281785388314,4.110210752655457,-53.45528986198638
9.07611002556555,7.140326444668564,6.079052140907038,3.093727178627821,-194.16334172657352
8.237903842212948,9.550605114849889,8.211982825502265,0.01565105191472904,-630.2032169764057
6.36401370183407,0.5113538144210072,2.5760722033372185,0.5952470034777169,-6.62495640272398
6.037954529493877,6.865899134926067,1.1448763806590512,3.838388830449795,131.94239291772948
4.562365089555421,3.690530217609166,1.2102500048519305,4.1894779018747546,60.8239150742794
7.511780478084181,0.7100766453325547,0.8018001408190345,3.547712918359842,41.34942666024536
9.417257116189251,6.6857264672291405,6.786699566725648,3.6191999083786497,-338.1159502312356
5.9366079120853845,0.10131184027743378,6.360960464095422,9.132869475762368,-323.47685366881274
6.125734683448192,8.736985934663451,7.239730554660938,1.2055841640369025,-403.00193573095396
9.024533072858418,0.6644384435577488,5.3396747254776376,1.4213712379345766,-192.41242363241238
0.11706610730904066,4.22034260127639,2.9504070765415626,4.86000493797603,28.89358856903974
5.771998867345508,0.4373907230894736,1.2300329512374564,5.586423964504253,35.468552213954695
3.4316735317265823,7.29173487549448,6.522916485919397,8.456043629899067,-260.3254806565613
6.924928266692253,4.299310773901482,6.729666223944324,2.753811742554185,-384.00627562151516
3.063134987782127,7.889851599207933,4.4641951640158215,7.983803405183525,46.421475985303346
8.224223736682784,8.575623376612837,9.166352358412073,4.309852205132962,-964.1996589614743
3.188668183211388,5.821987465941138,3.711724234376276,6.010741668002329,27.245474804104372
7.055858626438246,6.884050184921369,3.7455288702012135,1.6686020169875282,35.62730311770352
4.305293384622075,1.4259414408190874,8.900970351838083,3.458774607378574,-1023.0058529500927
1.5445974722332378,0.2544775990575088,6.458223862864843,6.369023174547433,-357.2269448105397
3.406041665812917,0.7171188884765101,4.096288948952321,3.1121749506339356,-74.90672049753734
6.7712063973500936,6.057792494526904,3.6459372819754,2.178925542549901,31.793158341176373
9.880359661555918,4.540016211961149,6.88274235780237,1.4055296757836078,-409.5727429144922
4.855896996593978,0.27536719869465487,5.054551179104499,9.640174071177023,-130.83945183843267
3.8420671298580023,0.38996012574911587,0.3095579091934353,3.879867599468695,27.1201097346195
1.6002493646319405,0.23352096328185912,7.562136139501768,4.585230088818907,-616.719013335874
2.8924477197265452,9.000831830164808,1.161389602005256,9.559188289553193,217.2822710904458
3.139667173773528,8.884036723086812,6.029428764794615,8.267073597414875,-120.09622877395205
9.840131632104644,2.8840543781874572,9.61135485407593,3.8948189490242036,-1271.0654583537787
3.8551190473692234,3.403871042545057,5.414076073475852,1.541450431784871,-189.08505613672529
5.537114853580112,5.41704812410004,7.6190181260487,8.336499619375855,-543.1133942664848
4.404413503124241,3.0233324935149373,2.5933489731709445,1.9462383670487193,12.298714004882779
0.5764758219902488,3.424479788347133,2.7024769213078326,9.664173858664073,48.90771470105816
5.577088262500439,3.4727703903050755,5.80467600993696,1.391967013456955,-248.05291118549866
4.4404374920220295,6.262343214210638,4.888978317924514,4.017788006543243,-67.3512188187986
9.938483888996982,8.80314762148927,6.234059581594401,5.693773611822827,-153.93943099776337
6.2066047982458405,2.0131210782243327,3.951377432643186,0.3945953289089932,-72.69879627144003
4.7554603748682664,5.4302458395766315,2.277497361032096,9.640288471655138,106.08062663735983
9.09454610937242,7.221432354559059,5.333866287653626,8.69969159647685,-61.6992381039929
1.3065234382346291,7.90509794274885,1.248208139668483,7.942106625494054,159.551924720791
2.7576756825135695,8.770905810181889,9.440420938253979,1.4879596940511564,-1102.8249215468866
4.626756050653935,9.809873781626852,4.834074359731466,8.635475225145452,79.64857513700214
5.887315221313198,3.753299079196019,2.857835555258702,2.0322309108608727,20.23513090916191
7.617981913776973,3.8654050682302787,5.112754622007511,4.9232548000118195,-124.7536500015801
5.772790292331313,8.655771456245523,9.807393435834294,4.075842085738169,-1232.6562545008444
8.27518922106303,7.645277946547177,5.735289514555733,9.56047143611933,-99.31370678411791
2.004745155284028,1.0926421030962141,8.539619669554222,4.391498166337483,-901.4476709269486
8.469688542070605,8.930902051954149,0.6245759361907144,8.834647629860607,225.98610102167706
4.483190553694222,5.104324890042323,6.265925110932102,9.263826067300867,-255.55865345026007
0.1911609442976403,4.768434683178171,6.877220424305607,7.227069576982284,-410.14065825849264
6.92532431537108,1.3443512940812186,2.9939558837168123,3.587155254170135,2.97591760217143
8.04437207679505,2.7875987241455302,2.1070496386720317,9.574480190380962,80.03145041713518
0.088632851134689,9.978208556819782,6.768212988573956,8.28469299449117,-221.3151446221145
2.9461939634619316,0.14315277667059978,7.3786951856153005,8.341445970006758,-554.0764397571832
7.404761319535192,1.428502873008386,7.53427922256969,7.689227821076409,-575.5014882484007
6.585405156700549,7.661159327955862,8.459214396777321,6.136041142374584,-741.3707867307979
0.8860471396967906,4.876278096672109,0.7764933467160506,4.075430310324308,69.92859946526806
4.071064891256277,0.6600984414024158,3.488205339694793,1.1099809879131484,-46.65800367788036
8.082352100092221,9.476880259644707,0.7231647525793861,9.551152072917015,250.23637231362426
5.225765993367451,2.9956567795387388,0.7686207527616351,5.006242680704178,59.035771043567905
7.945155444907487,7.070864772666981,0.5022601146397376,0.7290183536790351,122.31796773234065
4.028732826326371,2.9529049404794327,2.3238432305604784,2.810044989087136,19.672332057375435
8.034827432968846,9.29228053631854,4.051026945275664,9.061110021324971,135.43926793117362
3.21495701247882,4.764369863437916,2.260289978159997,6.404760421758439,61.7443282437512
9.78981115174809,6.034930960433787,3.5781408411354887,6.478174459905284,59.79777677047326
1.2292067846538757,8.886590802653986,5.030839507798364,4.49349742039642,-6.095475638689239
5.858647884535192,6.2478386278940246,0.7177580622651303,6.826172212234024,124.7591839018137
2.419316803155296,7.139526325065898,8.225347943841967,8.039585075525203,-682.775893800296
5.525009674078891,5.201698923107512,1.4287596133941172,7.753461504031356,105.2563423612745
2.7140938044671437,4.966954228179466,2.842740929275167,1.3382836299969314,19.87341248651962
6.2955769689173655,0.5433203482290383,7.486452341262,3.1758679526111666,-590.7580970028243
0.0013469300448532007,5.111291392372298,0.46851908527603126,2.761695578208995,69.96284427434513
7.069764874557162,0.6268962162186587,8.393384923560024,0.03819922658583108,-869.7402594794602
2.4682386920190225,7.409040561520714,3.162701497293068,1.0189238806601353,76.93481714880795
3.6023391880042785,2.7039328638452553,8.427119021605549,3.1334791758514315,-860.8802332186607
7.889324717760072,8.918721448107348,4.338174195765295,9.09943143854392,106.27560220437731
3.7731805396319285,9.640784164901081,0.8928952452557293,6.870192665032428,224.16964447264974
4.938140404569287,3.8764880545564706,6.327118787486009,7.038570916343312,-308.83886754964243
0.04363269650309087,1.6695308874719872,7.130460506343187,6.663854135782064,-506.6952509326172
9.660475051286772,7.61037790250783,9.50772707731338,7.02540501534807,-1109.877703333953
2.9805220863944317,1.0536492225085647,7.818238633449356,6.441492214759159,-675.4520758692619
0.4818601239329623,3.6005046590097836,9.567998154842861,5.0040114571020125,-1267.4036350522674
4.327291360197046,4.57699605159294,2.0888272400516374,3.6870717086479523,57.64456889016014
3.698132559871766,0.523550201874724,7.675676285179183,4.16504431903879,-644.5159874488236
8.221798868164234,8.503480011198954,2.1199405469865806,6.573534821701285,187.63596055569226
4.722818041629817,8.80156737921485,2.157406791764541,6.778132003100442,188.84463154244327
6.077521222527226,2.953014775718328,1.3660090365117261,6.516397604772766,61.08114849809419
7.385974581323307,3.1562734376334998,6.448326040223138,3.9513090761150327,-334.4937019984928
7.132068832826177,1.992152748940531,8.902150026361744,2.8740959646557975,-1020.3968865078787
3.677859877561529,0.5809195208034978,1.115122123212764,5.158619027123281,37.85943412586125
2.675926767279715,8.354802257421944,0.14693388654953843,3.7909404867193617,172.4926213629954
3.3734554676909267,0.19327630917601035,1.2436839900051022,4.136426749186352,30.396250006940097
4.928645844474467,4.042897472548691,5.309376784120938,5.951316749056815,-148.28293053232912
0.0992382112783563,4.640951594535039,9.634992408875883,5.190322801295487,-1274.9843063139667
6.775422674589532,3.118638579168832,7.739913781527625,7.729214818761151,-611.8993995732459
5.212960476541389,9.760138232792135,1.2555021476265338,0.16947664889580993,196.9234416797021
7.701582117570959,8.071555373648826,1.2020722912057624,2.6558283295860607,159.2278273484307
0.1755236336662891,2.933086107805647,7.731418739186715,5.179605277125789,-651.5736308428582
3.480955931682881,3.717392949063303,0.013536257154681541,2.9980052756523587,59.259179915983715
6.464587416379305,9.741944438163571,8.470608269838994,0.23594964645529126,-699.3812072840544
8.985606046748394,7.83198413298626,7.803761235709804,4.579957590035715,-545.1619195318569
3.980052929545028,3.029157288331926,0.6569485895436578,2.282353634936991,39.72668595471477
2.4660363497802464,4.840770697102016,7.4744440659669396,4.7380982839794665,-551.4825648487354
0.5784444944716061,9.57789800988204,9.427243190941123,7.851895431484084,-1035.8217363548797
9.913279015642205,5.444823328002629,9.627683502532062,0.7560504061675077,-1240.9113024338935
3.656807482613713,2.253812680067658,1.9583308413427003,1.4080294889267608,10.04572395302175
6.224136415659967,7.813218557473051,5.782983994203606,1.4696270958820967,-133.94244930369214
8.111237699334708,6.359547071637285,3.881657061269955,6.74130295536063,55.34014100474836
2.5990497924283282,3.451922084942105,9.174858431319903,2.905045056714204,-1106.874009185201
4.699882681579366,8.901411373960146,7.077213502675274,0.6220322616470275,-358.348707799139
1.4730304427897034,0.07841590771916818,6.309217902291634,4.4767342541041835,-350.65391639263726
1.3427485090227553,9.579341210567705,5.296597239456199,2.418932941128892,-30.400942931197207
5.006035711547075,6.796203327351078,0.7623921797356448,2.74703815047892,117.842043839963
8.069654908839937,4.596648704026612,5.465771420322949,4.328160022094693,-154.35567373946094
0.4389994264300512,1.6574977982015593,4.455416387418909,2.0918546540792784,-108.91375150954133
0.49979028659678737,8.436496640518238,9.811925291641158,7.931428739967394,-1238.9784650536092
8.53784921704667,2.419771303170454,9.606269755131997,1.9692570445342839,-1284.3630018944873
9.514298103618323,9.94819293965951,7.117228057460487,9.81143731791822,-266.00741898658873
5.695397795671036,2.595417831760903,4.369958856656209,5.93560935378786,-71.91896224900418
0.7308156202701499,6.223432646172461,9.811778367622946,1.9010764978372763,-1324.7676919991482
7.925951162883833,9.078987937796194,9.437015928202207,9.601356044054473,-1027.6315820191114
5.214596387214719,9.773079079915037,7.573102071344389,1.616714362369619,-437.720846221717
4.7690010646797,7.18331175372004,2.473403158190833,6.406151835488874,124.5805572517263
6.666004790466192,1.6269974380856589,5.650853124527563,7.716269109786077,-210.73884969177684
4.988956645359419,0.12103116776107425,0.09038469079292177,3.570293439700122,32.81130171231578
9.26194068431782,2.286767796036088,6.343636888716872,2.2207587069332058,-334.6481929950438
3.216699896595486,8.48042089601484,7.288614422699469,0.9539927731321063,-424.40358652089014
4.287020209864336,0.2916976364526447,4.80890146603009,6.62434011701068,-124.3019884272127
1.1850262359815156,2.8888493890916567,3.9783662550215695,9.195310246560497,-26.630624634269964
9.93255015422964,0.44911298995615856,7.61007923495392,3.717240664023432,-604.0319256158218
3.9245818622948003,7.542649733470227,9.184264321454087,9.509285945025484,-988.2460985504671
5.771225860383208,3.571211593005028,7.875490858587792,2.5100138326230024,-672.3451206077061
5.640740288335177,3.5857846152487314,6.566310737078761,2.403989128935069,-376.96712233323666
1.9159294573482577,9.182390866754371,1.018036829495369,5.059579077349317,198.88445650794975
2.208527829630089,0.3892996332566745,0.3601881829142639,1.7522177210582734,10.132845102579518
8.667703545060002,2.8247874397702666,9.504591705752958,5.816222929891936,-1224.269759168201
4.366141897687661,5.800888346694546,5.166983852262677,7.587762537573251,-92.27905613805169
2.8249606597285224,3.530503916003024,8.940943025332507,9.464565131504054,-985.4285565746611
8.925582274864745,4.194479939573136,7.803655030068817,4.763357333010988,-622.2982065550157
4.975398521461022,2.0468010905728393,5.911303032585165,1.8613589775334793,-276.01565422371505
3.3156469906719375,8.550302016199351,2.0707580921085524,0.7115828517343281,138.7374441437235
0.690075926128163,9.407845205031078,5.069204379618347,4.094120718170183,3.1807830151072825
8.108785810079183,8.35825927910516,3.321910331156046,6.936180574737953,145.250396216354
7.711228158518866,6.546506868659545,1.5159507480009937,8.75883083517057,148.29329937322734
5.390945527360087,2.8247242637000367,4.252281854376939,0.3757109039890738,-90.54345155859016
1.2786680122241756,7.655467505158608,0.00011634755366141114,4.165658284822921,137.42507166576414
5.225101810855884,0.546344200009723,9.730781629723328,2.261253312496719,-1354.8258312937194
3.0419871963628085,3.0394251225502735,2.304166621173499,0.01473822086311416,12.007451183054673
7.293447940879964,9.668454997992853,2.242934832850451,6.630471918034225,214.08461936642462
7.418963269587151,8.484253790905248,4.226291970136091,3.0293090564042924,67.32579117936677
3.252951340230311,7.126213330985128,8.16779466505636,1.8161396775660266,-696.2249025879466
3.7094100815776523,9.0194019674915,8.066935196947393,9.848584027624758,-560.1206440709976
7.542482596820808,3.9319520102792227,5.906378339946378,6.610142542473203,-219.00577394334772
0.7845581631712395,5.444969591038651,7.093208284726096,1.6732130400106038,-462.3993226707968
7.806317174255572,5.8377278051411166,9.522217856975946,0.42422298206891695,-1205.4083506800832
2.6532613755546697,6.015538792998241,2.9655991220593068,7.144241640712422,67.39171603195065
7.59005282521931,1.0251596406647445,5.138544642067677,5.088905555910559,-155.17081305373011
3.6928077021554104,9.32924862569672,8.275063198732212,6.972093819096368,-624.9563583702044
7.143266357349976,4.617161438131191,9.209945210965758,6.945954272532854,-1066.060825623206
7.289810616558165,8.616909037873452,2.74071589342191,8.07070903866703,183.39753708220726
1.9524060295649204,3.453419522448878,3.356104542698427,9.785254683891406,24.080496763509426
8.565372237479268,7.011698615902597,7.270567616153901,5.6207279440257105,-422.47009612485334
9.47090667108519,4.962587528823615,3.8051770986989455,1.63035336931591,0.393576686706421
7.86205652261058,7.344439320755915,3.8435503852413486,0.2519341395922936,46.90665626219234
8.389973277180108,0.11417983454073632,7.0369977962905095,9.70257109726057,-440.647011395082
4.376613281482035,2.349734049959528,7.0487101004338175,8.171281420155852,-464.9995326054417
5.464303160778473,9.670352752561461,0.516687216579611,5.047955983045282,236.53112143804793
7.184539473225501,8.626404711491789,1.7925561190779005,8.000034817636815,200.1334517988116
5.527070757185452,3.965536819899632,1.3171502857909356,8.652957589089125,94.49646913834624
1.5727320817971535,3.0978785920909924,2.9004553196243688,8.714140341908543,23.847792173318716
6.72702994208898,7.966813971913723,2.50467898792499,6.248740996069989,157.72522255411405
5.717459831437487,8.32830376788271,9.060870604812605,0.12156771477386807,-963.0400809114024
6.740199190587926,0.5183579911972902,5.488586650773559,2.876327290436782,-219.94879157539472
3.067765995221412,3.5295850345235658,6.212924490496102,3.340499656687692,-307.81793457588367
7.326990505902804,4.045273855738697,0.6835320030995862,7.837598424841072,98.46576808895675
2.85758324592706,4.3276687959926265,6.8544388322190155,3.32456157148712,-424.6382751370186
0.5658565614671562,3.739210470128136,9.444485826943033,6.417343972985582,-1209.3956981638387
6.71479148667207,6.322821536376399,1.989921389594368,4.183338641022801,108.73849052265135
7.509397983633183,1.0137289755315915,2.7785277608971226,2.763191084658536,5.786011728555049
4.32018927594506,9.803687409421851,0.6750254668382194,5.1870099438059505,233.40041679850373
1.7936468201221045,9.706765454097441,1.133035047274642,4.036010023615912,216.56972268112045
7.378849848346062,7.045544280274453,4.227286368939323,3.4652416795271823,25.132976088516912
3.9761237855287055,2.642762631586393,2.053329387067998,4.8303969755889,46.340508778324306
2.685337560676073,2.874616648972501,6.56756063474557,9.685373316998922,-350.7855433503251
6.036372005593751,0.7697946706496628,0.7558361385406698,9.51423220845566,64.48561172086082
2.9729079030733363,0.9206698608247543,5.990445871503816,6.236487782902661,-288.7161026589917
6.485048201186881,2.674020278575413,0.15110684214475034,9.650153694544718,80.68820897842512
2.508930456911025,6.760262880525475,7.0662986987870955,6.100074170794857,-401.51022308293096
3.129073942136482,2.7109625376406576,5.976682827027031,8.660956336116914,-248.04511535800256
9.467337289233956,1.0590580440375763,1.5482861259771985,9.447362587830796,74.62714694843687
7.365352283347926,8.829938248297731,2.026326341353432,5.875858711094018,189.03398453500702
7.011395944174737,6.801118854469727,4.081516908666981,0.15394891691308477,13.18599963462467
5.829260568042631,2.5310153917960876,4.502542461428903,9.575810150838173,-55.38274657660939
3.990353176424347,8.398016066644267,1.8854060574925113,6.724604980250288,184.23435119112406
9.770069544389434,1.018931008729368,0.08319942227192012,4.335827926326143,57.50244502541396
0.926254830513672,7.483843496762313,9.14548663848559,4.340209727087588,-1007.0918631557801
2.5871164215544096,4.344033190066098,7.2344781785000105,0.09054161580370979,-521.6979102608487
5.894539894846972,6.132916848873791,6.376882468959355,2.420220799808772,-282.01872758872423
7.140527233781268,0.9139148633177641,1.9927033646680081,8.77470046654482,61.3439501430953
7.387231507265664,0.1374555401134525,2.4837626036980023,2.1440648299316454,3.272136830939715
2.7080632803697258,2.475597702798864,0.6252629574284574,4.589405165968204,41.21451364521462
7.327334747861651,6.067317247174364,6.728716685980798,0.8114917853623915,-361.16901622977485
9.514907101767871,8.384918338430248,8.050903184956628,8.229838050417674,-570.5502077102708
9.327105081327613,5.442539661136977,2.002820178676259,6.167836078525411,112.16324761047423
7.42881493667939,7.379173933540254,5.214490241668801,0.6845871933357806,-81.05116517420393
3.7111293843012785,9.207666084633573,5.84448909757426,5.383319432557134,-103.79385794764242
2.688535143821935,3.684489199165789,8.953460891531693,6.664630475268357,-1010.1454868542794
7.873870267523328,4.543454230676551,6.302472194561579,2.483836087432075,-293.61810700801
7.054608302834863,4.276013337033373,4.4254551481474556,6.493223245768816,-37.11983617701551
9.362806214689266,0.6400634660862092,8.247432373470076,2.9238311041219314,-795.8193984807336
4.439194545063778,0.21913328775008956,3.0104607783431305,5.026312426301304,-3.7799224634500996
0.5617607734743901,4.910957293831651,9.271106288584273,1.0539321810780522,-1146.530032565837
7.644407280755043,4.096710533759927,6.55173714524338,2.6023659798522933,-349.76492914142307
1.5949226254135829,1.6046261427122643,0.7049194564314465,1.8564670490124302,14.519920373553205
6.642193849889683,8.81690611843508,8.141256855911617,6.851343098744841,-588.8250806188399
1.1043186341110267,2.8918744629594983,3.0980687532246898,2.4995694639762123,-9.213820168887711
5.150056597097231,5.355538148796725,3.568859751711102,3.53789158736436,19.416399133709533
8.285555979060813,7.892928483196856,3.0779583168074565,9.137884438732593,148.34573521886085
9.52815017002506,3.267425420300408,3.5442494879305486,5.056341534219588,7.970853147879464
9.411208125336735,8.763194331423115,1.025679625835898,3.927307432714162,198.64125049807805
5.533711897497718,5.0313247255154,1.9386306793689267,8.588167711681546,104.82569883854879
6.769407829968373,8.379083748518037,8.587642793494721,7.483558536657398,-750.9009952606004
4.392106012497173,6.105467550154246,1.6036540611974315,6.736454174749077,111.56770723491309
1.7925325573928075,6.939495905101568,2.2959816075396864,1.1755130015021997,98.86556374276238
1.6528449014295743,0.01992135219070268,7.187396178535303,7.324010490583791,-515.1110019346881
5.149333499132594,1.613628010553837,0.8355433751068975,0.1912896643728701,24.58125764363743
1.657481769652207,8.908555349831467,2.4153684170168175,3.542713272172157,157.232690327771
1.0534548448133318,2.223613047481703,5.192245707802051,6.077526830956526,-164.71737724787064
2.4535231416621106,0.5773215922511721,3.9103286912739863,2.342033709263341,-68.39443282499943
2.195539232298019,9.598628027134552,6.16300485925724,5.5687844317209585,-141.88107627138126
4.157751035233219,4.289443334301443,5.4090500383808084,6.964298070361073,-143.2157701496269
7.021460961818295,1.7169390770544957,5.0011275207662695,4.119580950341019,-133.61560516226854
8.705269662693842,6.314189212183764,5.325040664159818,1.1539464217891737,-116.85820815581111
6.056378893234115,1.1720390568023342,3.3720657556575206,1.4284196481433187,-34.967529519972814
6.920736470243689,2.062521138361526,3.91859373188026,8.956747776187786,-14.465481874494223
2.043163833989703,5.078050639587791,4.19271661166022,0.18124041045729733,-51.51246800866762
7.927581135728127,0.6904590631459973,4.7425502097695365,5.606782949389499,-105.45414133189577
6.284264566145871,6.886316293078756,2.532723835227151,0.09978776658449373,90.78236620410249
7.2344366235491195,5.356565993475786,8.361177032072488,8.213883629006943,-754.0962850275291
8.433261677878832,4.850946599795401,3.3362839583686563,7.9155820259137,63.474372049620925
4.51294113029255,1.834421964034345,8.549740195614744,8.825598767723474,-870.2165583822406
4.663097561401701,0.7569972730978747,3.8782608991693124,8.035376594626033,-37.43485785569052
9.017740285462287,2.0347274249759586,0.6697361202527152,8.773504531328387,85.56317750485864
3.894049389788753,5.417609642675632,9.680658120507589,0.6656472791422285,-1278.9219246236319
6.483180074520956,0.7410542257486707,3.7546892846650035,8.038145451934467,-2.899803634051013
4.334722327556344,9.971823539029504,5.590592849466022,3.2116215263595347,-39.779357893494556
2.2011132590475313,3.5052053428616183,3.725332737595508,0.6871367772396098,-41.72447006250457
3.6957419942677316,4.642385197392249,7.227377522388046,6.56729484721608,-489.66625658909123
7.087656552291542,0.08363681876857099,2.1766739958053605,6.616842883998565,41.65759288816529
4.839893681797472,0.05313475668345946,8.044946424318223,7.728095732903374,-730.5926280978334
5.484191629935626,0.6646332577627212,7.665150495325847,5.8371358773136395,-619.4045384421772
7.8195997715795915,7.517469923958404,8.03002071957837,5.1800806640462485,-618.1676166921717
1.40324518193515,6.711574733796887,6.204737850519706,7.422531871990872,-235.34522928946976
1.698810060507353,1.9497519990028922,8.904095172193285,7.499777984520708,-1011.0718082955409
9.08228488700323,7.587153211639207,5.971553059903019,6.5413273702787365,-154.20756997091308
8.891279239400099,5.7880675451194055,6.323913243283874,1.5647671600360058,-274.1011344788522
4.739212201161028,7.16397111958099,2.709426983163654,2.022541805245349,86.81506161714915
3.1382680822441555,2.4150062799283347,2.1491263703639585,4.24850842868087,27.574747665468003
9.07838513883534,5.070596467387183,1.8792038081532303,0.7697166938087407,62.16222676629356
6.961561451379252,3.827987644363878,8.218309465853594,6.595107686407702,-751.0387450390053
7.962414505413685,2.7194603941844875,6.9235892246105815,2.640619846937188,-437.7365077346834
9.390684794502915,6.363742815333744,3.245118001753421,2.6951186229227266,73.18484377753028
1.909265850716435,6.946409588937278,2.187156129979273,5.953032659274891,111.98681469202211
2.646350269253573,6.619689447938686,8.149397285405392,7.780252431446532,-677.5100513820901
7.608513309307817,1.8772240569225207,0.8838494698451871,6.989488284873856,63.87532463327554
3.683472137943513,4.3234622640334734,0.31149092793391064,2.595764492750492,63.73170814618849
0.3367640387446402,8.791857726012477,2.4339668321853045,5.5733716957300805,155.0074438000604
0.3897932066113041,6.66847391305658,3.230273457540939,8.979191869576658,87.40502410993746
8.881181889340358,3.252906183617478,9.009608956904678,9.961576734987789,-1012.9139371069357
8.254156641239481,8.448713477552289,2.4900873610908993,5.767023988577563,170.0498749570689
0.6725591396736785,0.9491793682166971,9.988926120332906,3.2663924942591094,-1477.3121168751436
7.481839120488464,8.066650530268165,8.580232710072291,9.976282974021565,-741.8848929239693
2.414964852568678,0.40350826859699707,4.11191517994586,1.3008066982894695,-90.0977255406562
0.22425889162055124,3.604268271414861,7.837382510752365,5.661806912250709,-674.1762172117619
3.1277798921035407,6.543420054927197,2.320181803088107,0.14381446072085025,72.07498261996459
7.643533864364274,6.237430848640091,7.6230262450096,0.3893801668766561,-560.7851433698014
8.371196278306522,6.195262000363034,5.633953507126401,6.246140481145316,-135.53313218682842
8.644332468683642,5.86936506558907,5.809503798881793,9.906791570657658,-152.63881651409864
7.56730167068568,4.422938054511353,7.073970000329277,3.892304716917885,-452.0993246223619
2.28875462483499,5.968518768877594,9.281820981139514,9.291395200154627,-1071.4234439538416
3.419052781054903,5.276774662216949,2.116358985698612,9.956311094988834,98.92027301220017
9.811179078679357,6.495089297074474,8.044140596774733,7.151001612837,-631.6623039641105
5.931582190394682,0.533479969888977,4.54764342552661,6.747863021674105,-78.12218838695799
6.775316138836846,3.7312261842238357,9.416919866580306,1.67357032236781,-1203.1963098195724
5.003594462155606,6.908839765508228,6.971358058918092,6.486389567688155,-374.56260673323305
2.7528821345186016,1.5620656868662197,6.3594032682671084,5.993021161394378,-338.7587762166888
1.7935601028924097,7.051391455705634,4.551719917336564,6.6776059160315295,-6.635115218459212
8.373670797701507,1.6972842857692316,0.1914486799683668,7.791025863957868,68.23597633063181
6.096974251526159,6.996395696221217,8.381549749886425,8.028109348245005,-730.7857416449274
9.609201469288246,5.359350788521182,4.884956326599053,4.018871998907301,-69.78484593514978
1.5369104284420454,5.726072328820225,2.7701252432597876,9.213075122129755,92.35938198515449
5.8319080427709755,5.928401805081101,3.5492466087701002,0.5198935197770749,27.332134136911144
0.3174376537298862,4.233351441531975,0.8456537809723785,6.068469555401391,70.54117816763853
8.809730056396575,8.829148165187222,6.590454101322324,2.1123183147293103,-243.55815691507036
8.629968313588721,8.860934353132082,1.966535849529587,7.374260857706773,202.63008804394687
2.8651954892712297,8.026403123529297,9.972378999036026,0.30026005329392813,-1362.8570617038872
8.973658657909318,6.226305335986581,9.733826191648213,4.650095175264276,-1259.723377533457
8.473879305713737,0.6239406859827723,3.352790500782957,0.6701653775120997,-22.19951900181639
9.753431334790704,8.169739072718368,8.525474212459706,9.379652314338943,-717.262088718124
0.8510348611978535,3.8559759251333334,0.7103488904400213,2.107931015500286,41.18463568725784
2.293657770376724,4.691072110475787,2.685621674536426,1.009781068177611,26.77536590505538
1.674910890941077,1.4727556355209093,9.730767979122984,7.592925069184736,-1338.1952333431377
9.67761465269562,4.397404865079086,2.783684816626566,7.982931972091867,76.28988957547583
3.262539180411468,2.9938337370534827,2.325059922078312,1.2967897822423535,19.173463891740347
2.5646306101676597,3.553197484738877,6.739942081457304,0.6256484221945158,-431.2680714144551
2.1050693966534295,8.090236402916764,1.4692192358377076,3.4264514652252154,151.09235772344297
8.6465892185814,1.5492531114344266,0.827368356181899,4.845379950800108,58.77966405892705
3.024195112785364,5.634083644838541,8.038048904834751,1.3714848815274316,-701.6699797730788
5.80699084554285,5.055087603898639,1.4407878601319957,6.2399848552898245,98.74588953637388
2.7364041786077165,4.878343185440125,0.8227232427706188,4.595840572136231,92.02283270522949
3.0646346804282034,8.223812111853544,0.5697872699736828,4.1860727491833,164.5872465302775
4.58431424131438,7.250060762991187,5.74287575090211,6.672123371941811,-129.89856358740073
7.770492856517562,8.622029736581888,3.1387549672247053,5.38022705363903,148.8176239395149
8.401080784391999,9.894511309650564,8.895193110437631,3.714672626243768,-815.2554640751272
1.9516651721865041,4.893925374065887,7.416414518360423,4.925690707532976,-531.204026167944
4.831808633136685,8.382304210818006,3.6140377906718637,8.597946748116456,128.17953864034854
4.068048009517236,3.282331056783394,4.53989911199699,7.624469586748685,-73.58022892730969
1.2600202786399428,1.9641921587201738,9.514448256630919,1.7549162738135737,-1270.6366741671336
5.6772731793105455,5.793144666619378,4.896244620502448,6.447452485768186,-52.36694899402018
2.2982672579761845,5.526622677767482,3.7217325524689713,6.61667259629189,25.98224687250243
1.4122354337314946,5.708774168394762,1.852703553833237,2.786430631150364,78.61986392653503
2.1870980032358323,1.828377798688171,8.25710951560667,2.857075676608903,-818.1052825647744
9.271237818644494,9.699265253451909,5.712604699370973,1.430011226657264,-52.77168460762421
3.7454824337958126,7.9773226334821405,3.673907286970705,0.8701721830278875,69.87563262409276
5.567849109281879,8.451208514960348,7.959263871435024,1.7512314013035324,-592.7766317205565
6.727646144124667,2.205042634356471,2.1820753455217226,8.740717733051852,59.61878497037156
2.4966895274023013,2.632473465180112,0.006533907612995549,8.706690341255177,59.924869642618134
7.925948132091348,6.27328935090678,7.502657639388422,1.520485674244918,-526.5612634227157
4.583235945875755,3.512193873487809,0.9377652625701649,4.861304852149241,62.436873899637696
9.207396503426354,0.4005911905069448,2.9146091349379386,2.0754093620570346,2.66723168254178
2.381466536656963,9.084345518793754,4.6806905423429015,4.662994129398188,35.740956492554126
7.605756424552823,1.544922040049258,4.872653541000508,4.2998521412105974,-119.17528373188573
5.969106905466561,9.995577032504386,7.694488940820471,3.978657030174272,-442.8464163022472
8.27553052274047,1.7070836331248018,0.30463686308960125,2.0444837246427303,37.31122996957813
3.4041155611425964,5.105807574595599,6.151291405411998,9.106057172144217,-248.93915693348148
5.0985400955045765,5.012756446257294,0.5024300982298213,0.3491155265622381,66.38188223377217
5.511599619163721,4.381786132483445,8.391803949802986,1.6067958471184518,-825.7169695941883
0.24971662117049598,4.490387679301259,2.374785567522575,0.4961437333883745,24.033449682017743
7.24598286847629,1.1159299995724747,6.083195000077717,2.8104975016688916,-301.1998794335405
1.7349605035502202,3.7975152291931744,8.014457762229537,3.9209357690457267,-728.5568451391285
7.507696492110557,1.2548629679915069,7.727714196650791,2.3693332490664867,-656.6430488578424
6.773931298888728,5.657815548409964,9.291447172116873,3.87322517975314,-1101.0281792492199
0.6616518883444045,0.19155485551252904,8.26858560972753,5.247356376614322,-816.5152656109447
7.752440518349493,2.3442560001151467,3.450837455132337,0.3010387221131894,-29.377714352042283
9.614923245741121,6.678679067008134,9.332050877593062,2.6549640742907235,-1079.3304303435748
6.114636112256608,6.784999682926378,3.1754970025758844,8.4810923501563,95.23208320239097
9.471614629002477,8.848551176960044,7.390669759393726,2.7746467972495403,-400.1021085445073
2.8161604210563174,9.633603204460378,0.10284495935692028,7.160499732421445,228.74037477294615
7.062461625552622,6.226895409497974,9.901088460868658,3.1187943576372525,-1337.3008790980173
3.399718637932482,0.7893940294655555,4.4279813654373745,2.610485262348481,-105.33239645073228
3.433867021776442,8.345717902556277,9.354845135274957,1.8573307200518563,-1063.4195857051413
3.7250893155346585,9.286305621153941,0.6180846068922263,0.9236052811137851,185.973239730139
1.6279098920622936,5.952128341268748,1.5047227100599747,9.680763814507335,113.53964205540905
4.467145272585204,5.015179603501664,2.466586158054065,4.709602524347335,71.84578259602903
6.619136326370115,7.511771369540428,7.53868082709913,5.7789111269408835,-481.6161885358155
9.043597749938572,8.174078473061094,7.570481146986254,0.5560552168046062,-486.17124227651243
0.06877962219649314,2.1244727719547294,6.635235939134523,4.111974888825458,-402.2211470833349
4.0240625929931175,8.845868882296138,8.955628481318387,9.091752640535857,-868.5362207463778
3.138780765150273,6.910558127392617,2.7163318127436966,1.9060983307444979,87.37240330372062
1.8463245734736922,3.4210762086359403,4.299576197798217,8.309491710550684,-51.68075767165742
1.198910934727121,7.349258473948942,5.314549141893053,2.879453426759925,-99.8032840160875
4.928195845328246,2.9994206977702262,5.96081955238306,4.338439228552442,-262.8628976185029
1.6440552907887873,1.1658307455569672,5.466956820721301,9.024130332861034,-199.82143554879826
3.4395768655768553,7.330001072226232,6.586613549397669,9.31554914309481,-268.1651839716083
8.209810172991409,5.66605258905463,6.570304982341073,8.983864665840349,-284.936910451045
3.995187845869348,3.2679470585777737,0.10811083635196339,8.265510741914643,79.10113375388862
8.009807004033648,1.0445451810015138,5.768573811327002,4.639816981668874,-238.83897619878883
1.1870909550911146,9.805682270607235,2.1469588746335546,0.6723418009056115,185.59701601909447
5.948473795019096,7.3886667713303265,0.32443446047186963,6.587176387270222,158.44366026176758
5.322918759514544,1.0326500887504841,1.7252387694636206,5.679742973160805,45.580493157279804
2.9635761351328838,9.38315728651316,8.187402294840508,9.835672065136631,-590.0914323151829
2.5967083895041396,9.69723632797977,4.312338697915578,3.4751879531375462,94.10797010738868
0.5034952696935324,0.5276525785960262,6.920112559466547,4.579289944340279,-466.39116696001906
2.265216260361057,6.139703063252327,2.528581182501112,5.776317543444226,82.9317157598622
3.5920874698269034,8.23552226611819,8.206961607667793,4.773503981224013,-651.0748498455702
3.508191093350156,3.6255979655909454,8.05714525668218,3.28179482797612,-739.0045131487069
2.09059373706846,0.8468834187530683,4.666931208844084,4.821320989198419,-112.50935118481371
8.409087104029071,2.2123869644606398,3.809912736683999,8.084057388936909,-9.3803288789173
8.236236107489734,3.846110759787682,4.591240232866809,3.0328589084928295,-76.92683727027855
9.32554878419312,1.186437657415803,9.3374942300147,6.838664518353433,-1165.6521675929778
5.315721526867312,0.32659060784495875,4.755961918220083,4.077481050027323,-127.08997449605941
1.6121881197512256,6.564096035006569,9.711509073682858,5.621888110645251,-1259.9665976841015
7.147532764439458,0.6845045256601678,4.176669958169947,1.1635848516449587,-84.13094561316248
6.127958355365104,9.384821582141546,6.617777324716386,0.7680304831442153,-237.05088089635356
3.5466620498508283,5.506633794408515,4.032077561332522,8.336440104751723,19.42902085196954
8.146710047099893,6.118310201032214,3.7345794513270523,2.5533637376324414,34.98266685234173
1.0587431821312931,3.5489768348655404,4.1317251720771955,6.758229251040736,-42.10373599751444
6.581598242975735,0.7010813964125695,3.952593154311578,1.8177886721736192,-68.28782926454203
1.568127053168057,8.27302149737246,0.4191521671625753,4.191828759021213,158.03506355062
1.682036557665182,8.79330215678474,5.570405132750351,2.3138063637684803,-79.01651280325576
5.024272871663764,7.314863597031158,9.581180089194337,2.2044600424541896,-1189.880725018823
8.861817721293452,9.343041141674902,9.164205445320663,6.354143568619098,-913.229497159735
6.298206544347077,4.032106331838228,7.523978823037879,5.312940183509319,-562.1417884723946
6.7743807122829445,4.284579038487955,7.31496464043139,8.24471517604549,-488.8480642977553
1.4643625660281612,8.32929715574228,5.402965317903073,8.446659090902243,-45.85273155587403
4.313017063410146,3.79040485383035,9.150607325172224,2.5116926754840128,-1088.7288236160489
8.442123252861432,4.840205725094041,5.140954425512597,3.0846828148948404,-116.75770304816756
5.730422006190157,3.252111962762113,0.3926941424165231,2.7199860534435603,49.91161018125381
0.06379043406590679,9.783547870568567,9.657472098197475,3.9515529747230502,-1139.9766529264552
7.28370854339646,3.45806098410425,6.710931570859761,8.05430043045979,-365.6275498699107
9.467562446922408,4.00212275849672,7.832979829560477,2.659284506321188,-642.7058472763459
9.903323037936483,0.2576959876435114,6.035288065011209,6.595059816513271,-266.91112219330836
6.880455570741288,1.2038757878908901,9.385297834731304,1.811832790500828,-1204.345667598757
6.2275340323984105,2.2267607912308494,3.0721641702127087,5.464585417281244,20.620738972822167
4.171934185645765,1.6022560097650629,1.7093640242084829,4.181447881627997,32.97208751173768
7.572829782755007,8.979646468477885,0.8412766225938284,3.9310390755940103,204.3069347082602
1.0024556372287663,0.16592480632597884,6.617186826439566,6.024494419665878,-409.03139536054846
1.630191138148862,2.3381283309306413,0.2370775364451838,8.349472056944037,44.397983514759424
9.746905960485515,1.354595367946908,2.314752137652981,8.68409523946934,59.66899806958668
9.264637979561849,4.196273828068104,0.5062247226907413,0.393918336928194,64.31222219122984
5.739498660690105,3.9289510889317905,0.28652427577654516,5.832523923125567,74.64523172711715
0.11302536589022472,7.87371958149273,3.064328227033716,0.402580030092321,84.3989902424922
5.883522209831533,3.976844144330547,9.738004133571495,5.441986625037022,-1308.97470701787
2.752391810370083,7.094388646339747,2.714920025427113,9.04243291407565,129.7522806922147
3.747219705073764,5.498685627762052,0.5057310382422886,4.261212379522307,93.25534101886835
8.32363539660995,8.05648805363342,2.2431855885352627,2.260790710105627,145.42307645095576
8.173053122132368,9.303984201693256,0.9536092127300355,4.500586394262252,223.800390409567
3.3745427896422897,8.706884554574394,0.8352491468001877,2.111259425580374,170.33989116850336
7.524683375864943,0.5129384898121558,4.925353807142892,4.4210703467972,-131.3887535534645
3.3440117898874866,3.945723153189238,5.29940586930233,1.6136735838838312,-176.3895951663437
